,maxIter,seed,elapsed,rank,map_val,trial
0,10,69,0:53:26.996693,50,0.12051327034679808,51
1,10,69,8:26:45.671045,100,0.1303570101062044,101
