,maxIter,seed,elapsed,regParam,rank,map_val,trial
0,15,69,0:36:48.286592,0.00025427866837477255,36,0.12367018235407264,1
