,maxIter,seed,elapsed,rank,map_val,trial
0,10,69,0:33:39.747903,37,0.11432849873786227,38
1,10,69,0:35:54.325630,38,0.11374563359933564,39
